Tags,Ticket,Open Date,Close Date,Symbol,Action,Units/Lots,SL,TP,Open Price,Close Price,Commission,Swap,Pips,Profit,Gain,Comment,Magic Number,Duration (DD:HH:MM:SS),Profitable(%),Profitable(time duration),Drawdown,Risk:Reward,Max(pips),Max(GBP),Min(pips),Min(GBP),Entry Accuracy(%),Exit Accuracy(%),ProfitMissed(pips),ProfitMissed(GBP)
,3659058,01/21/2025 17:45,01/22/2025 15:43,USDCHF,Buy,0.200,0.90592,0.90702,0.90754,0.90590,0.0000,1.1600,-16.4,-28.17,-0.20,"{7826001}                      ",100,00:21:58:27,,,,,,,,,,,,
,3752789,01/22/2025 12:31,01/22/2025 15:38,USDCHF,Buy,0.200,0.90418,0.90592,0.90349,0.90597,0.0000,0.0000,24.8,44.37,0.31,"{7851584}                      ",100,00:03:06:16,91.0,2h 49m,10.7,0.07,26.0,46.54,-1.9,-3.401,93.2,95.7,-1.20,-2.15
,3631497,01/21/2025 11:45,01/21/2025 16:41,AUDCAD,Buy,0.220,0.90000,0.90264,0.89864,0.90002,0.0000,0.0000,13.8,17.15,0.12,"from #3601035",100,00:04:56:30,56.5,2h 47m,13.6,0.32,27.4,33.976,-8.8,-10.912,75.7,62.4,-13.60,-16.86
,3601035,01/21/2025 11:45,01/21/2025 15:41,AUDCAD,Buy,0.100,0.00000,0.90264,0.89864,0.90008,0.0000,0.0000,14.4,8.13,0.06,"{7809804}                      ",100,00:03:56:51,45.4,1h 47m,11.6,0.57,15.4,8.624,-8.8,-4.928000000000001,63.6,95.9,-1.00,-0.56
,3532985,01/21/2025 03:31,01/21/2025 06:09,NZDUSD,Buy,0.350,0.56516,0.56965,0.56465,0.56516,0.0000,0.0000,5.1,14.52,0.10,"{7794481}                      ",100,00:02:38:34,76.6,2h 1m,15.7,0.59,20.8,59.28,-12.3,-35.055,62.8,52.6,-15.70,-44.75
,3482084,01/20/2025 16:00,01/21/2025 02:49,AUDCAD,Buy,0.310,0.89711,0.90111,0.89716,0.89703,0.0000,0.0700,-1.3,-2.21,-0.02,"{7769976}                      ",100,00:10:49:24,45.8,4h 57m,22.7,0.96,15.2,26.599999999999998,-14.6,-25.55,51.0,44.6,-16.50,-28.88
,3378391,01/17/2025 17:15,01/17/2025 19:40,USDCAD,Buy,0.140,1.44189,1.44427,1.43985,1.44311,0.0000,0.0000,32.6,25.97,0.18,"from #3371536",100,00:02:25:03,97.3,2h 21m,15.5,0.04,37.1,29.680000000000003,-1.5,-1.2000000000000002,96.1,88.3,-4.50,-3.60
,3371536,01/17/2025 17:15,01/17/2025 18:56,USDCAD,Buy,0.060,1.44052,1.44427,1.43985,1.44208,0.0000,0.0000,22.3,7.61,0.05,"to #3378391",100,00:01:41:02,96.1,1h 37m,15.5,0.07,23.0,7.82,-1.5,-0.51,93.9,97.1,-0.70,-0.24
,3315617,01/17/2025 02:15,01/17/2025 09:48,AUDNZD,Buy,0.210,1.10845,1.11050,1.10752,1.10976,0.0000,0.0000,22.4,21.61,0.15,"from #3295114",100,00:07:33:11,60.0,4h 31m,16.3,0.57,25.0,24.0,-14.2,-13.632,63.8,93.4,-2.60,-2.50
,3295114,01/17/2025 02:15,01/17/2025 08:12,AUDNZD,Buy,0.100,1.10772,1.11050,1.10752,1.10926,0.0000,0.0000,17.4,7.96,0.06,"to #3315617",100,00:05:57:33,49.2,2h 55m,16.3,0.82,17.4,8.004,-14.2,-6.532,55.1,100.0,0.00,0.00
,3216623,01/16/2025 04:00,01/16/2025 15:30,AUDNZD,Buy,0.210,1.10799,1.11055,1.10734,1.10744,0.0000,0.0000,1.0,0.96,0.01,"from #3195013[sl]",100,00:11:29:19,65.0,7h 28m,19.9,0.63,20.9,20.063999999999997,-13.2,-12.671999999999999,61.3,41.6,-19.90,-19.10
,3195013,01/16/2025 04:00,01/16/2025 10:39,AUDNZD,Buy,0.100,1.10749,1.11055,1.10734,1.10904,0.0000,0.0000,17.0,7.81,0.06,"to #3216623",100,00:06:38:46,39.3,2h 36m,16.8,0.74,17.9,8.234,-13.2,-6.072,57.6,97.1,-0.90,-0.41
,3081635,01/15/2025 07:30,01/15/2025 10:27,USDCAD,Sell,0.070,1.43455,1.43177,1.43578,1.43454,0.0000,0.0000,12.4,4.95,0.03,"from #3079084",100,00:02:56:58,54.3,1h 36m,15.0,0.18,27.4,10.96,-5.0,-2.0,84.6,53.7,-15.00,-6.00
,3079084,01/15/2025 07:30,01/15/2025 10:12,USDCAD,Sell,0.080,1.43455,1.43177,1.43578,1.43342,0.0000,0.0000,23.6,10.76,0.08,"to #3081635",100,00:02:42:24,50.0,1h 21m,5.7,0.18,27.4,12.604,-5.0,-2.3000000000000003,84.6,88.3,-3.80,-1.75
,3067577,01/15/2025 07:30,01/15/2025 09:57,USDCAD,Sell,0.070,1.43575,1.43177,1.43578,1.43422,0.0000,0.0000,15.6,6.22,0.04,"to #3079084",100,00:02:27:05,44.9,1h 6m,5.0,0.31,16.0,6.4,-5.0,-2.0,76.2,98.1,-0.40,-0.16
,2929495,01/14/2025 01:31,01/14/2025 14:10,AUDUSD,Sell,0.350,0.61876,0.61715,0.61975,0.61728,0.0000,0.0000,24.7,71.03,0.50,"{7537961}                      ",100,00:12:39:14,92.0,11h 38m,23.6,0.24,28.2,81.216,-6.8,-19.584,80.6,90.0,-3.50,-10.08
,2866635,01/13/2025 15:31,01/14/2025 14:10,AUDUSD,Sell,0.350,0.00000,0.61715,0.61545,0.61728,0.0000,-0.0400,-18.3,-52.67,-0.37,"{7520047}                      ",100,00:22:39:15,11.2,2h 32m,57.5,6.47,7.7,22.176,-49.8,-143.42399999999998,13.4,54.8,-26.00,-74.88
,2820555,01/13/2025 02:01,01/13/2025 14:56,NZDUSD,Sell,0.130,0.55579,0.55177,0.55627,0.55579,0.0000,0.0000,4.8,5.14,0.04,"from #2771623[sl]",100,00:12:54:53,74.6,9h 38m,14.4,0.46,19.1,20.437,-8.8,-9.416000000000002,68.5,48.7,-14.30,-15.30
,2771623,01/13/2025 02:01,01/13/2025 11:22,NZDUSD,Sell,0.260,0.00000,0.55177,0.55627,0.55513,0.0000,0.0000,11.4,24.44,0.17,"to #2820555",100,00:09:20:49,64.9,6h 3m,14.4,0.46,19.1,40.874,-8.8,-18.832000000000004,68.5,72.4,-7.70,-16.48
,2625115,01/09/2025 16:46,01/10/2025 17:07,GBPJPY,Buy,0.010,192.30000,198.00000,194.17800,193.03200,0.0000,0.0500,-114.6,-5.89,-0.04,"",0,01:00:21:20,87.7,21h 21m,180.2,2.17,56.9,2.845,-123.3,-6.165,31.6,4.8,-171.50,-8.58
,2682137,01/10/2025 03:15,01/10/2025 15:30,AUDCAD,Sell,0.240,0.89100,0.88810,0.89210,0.88634,0.0000,0.0000,57.6,78.14,0.56,"from #2656342[tp]",100,00:12:15:05,52.0,6h 22m,11.0,0.19,57.6,78.33600000000001,-11.0,-14.96,84.0,100.0,0.00,0.00
,2656342,01/10/2025 03:15,01/10/2025 12:09,AUDCAD,Sell,0.110,0.00000,0.88810,0.89210,0.89087,0.0000,0.0000,12.3,7.64,0.05,"to #2682137",100,00:08:54:38,33.4,2h 58m,11.0,0.83,13.3,8.246,-11.0,-6.82,54.7,95.9,-1.00,-0.62
,2506743,01/08/2025 14:58,,,Deposit,0.010,0.00000,0.00000,0.00000,0.00000,0.0000,0.0000,0.0,300.00,0,"PAMM/Deposit by MT4 #4004011 PA",0,00:00:00:00,,,,,,,,,,,,
,2482743,01/08/2025 09:40,,,Deposit,0.010,0.00000,0.00000,0.00000,0.00000,0.0000,0.0000,0.0,6000.00,0,"PAMM/Deposit by MT4 #4001695 PA",0,00:00:00:00,,,,,,,,,,,,
,2254821,01/06/2025 01:24,01/07/2025 16:07,GBPJPY,Buy,0.010,192.50000,0.00000,195.66300,197.56800,0.0000,0.0500,190.5,9.69,0.13,"",0,01:14:42:43,100.0,1d 14h ,128.8,0.00,252.8,12.64,0.0,0.0,100.0,75.4,-62.30,-3.12
,2283986,01/06/2025 10:37,,,Deposit,0.010,0.00000,0.00000,0.00000,0.00000,0.0000,0.0000,0.0,1500.00,0,"PAMM/Deposit by MT4 #4001695 PA",0,00:00:00:00,,,,,,,,,,,,
,2254402,01/06/2025 01:04,,,Deposit,0.010,0.00000,0.00000,0.00000,0.00000,0.0000,0.0000,0.0,2600.00,0,"PAMM/Deposit by MT4 #4001695 PA",0,00:00:00:00,,,,,,,,,,,,
,2066095,12/31/2024 00:33,,,Deposit,0.010,0.00000,0.00000,0.00000,0.00000,0.0000,0.0000,0.0,500.00,0,"PAMM/Deposit by MT4 #4001695 PA",0,00:00:00:00,,,,,,,,,,,,
,1558270,12/13/2024 18:15,12/19/2024 00:16,AUDNZD,Buy,0.080,0.00000,1.10747,1.10375,1.10587,0.0000,-0.5200,21.2,7.07,0.23,"{6737801}                      ",100,05:06:01:09,43.7,2d 7h ,44.3,1.87,21.2,7.632,-39.7,-14.292,34.8,100.0,0.00,0.00
,1465907,12/11/2024 18:45,12/12/2024 21:59,AUDUSD,Sell,0.080,0.00000,0.63470,0.63752,0.63646,0.0000,0.0100,10.6,6.71,0.22,"{6644843}                      ",100,01:03:14:22,29.7,8h 5m,56.7,4.02,11.4,7.182,-45.8,-28.854,19.9,98.6,-0.80,-0.50
,1477782,12/12/2024 04:01,12/12/2024 15:51,AUDUSD,Sell,0.080,0.64052,0.63889,0.64113,0.64047,0.0000,0.0000,6.6,4.14,0.13,"{6655327}                      ",100,00:11:50:02,54.6,6h 27m,10.8,0.57,16.9,10.646999999999998,-9.7,-6.111,63.5,61.3,-10.30,-6.49
,1373107,12/10/2024 02:15,12/10/2024 05:30,AUDNZD,Sell,0.080,0.00000,1.09731,1.09950,1.09662,0.0000,0.0000,28.8,10.55,0.34,"{6556207}                  [tp]",100,00:03:15:44,,,,,,,,,,,,
,1319113,12/09/2024 02:00,12/10/2024 05:30,AUDNZD,Sell,0.060,0.00000,1.09731,1.09601,1.09660,0.0000,-0.0800,-5.9,-1.70,-0.05,"{6524445}                  [tp]",100,01:03:30:19,0.0,0s,38.2,38.31,0.0,0.0,-38.2,-10.314000000000002,0.0,84.6,-5.90,-1.59
,1349307,12/09/2024 14:30,12/10/2024 02:01,AUDNZD,Sell,0.080,1.09928,1.09742,1.09971,1.09926,0.0000,-0.1100,4.5,1.54,0.05,"{6542107}                  [sl]",100,00:11:31:50,100.0,11h 31m,16.0,0.05,20.5,7.585,0.0,0.0,100.0,22.0,-16.00,-5.92
,1336703,12/09/2024 09:45,12/09/2024 12:54,AUDNZD,Sell,0.080,1.09958,1.09760,1.10001,1.09958,0.0000,0.0000,4.3,1.58,0.05,"{6534567}                  [sl]",100,00:03:09:34,,,,,,,,,,,,
,1328750,12/09/2024 06:07,,,Deposit,0.010,0.00000,0.00000,0.00000,0.00000,0.0000,0.0000,0.0,513.00,0,"PAMM/Deposit by MT4 #4001695 PA",0,00:00:00:00,,,,,,,,,,,,
,1291973,12/06/2024 06:15,12/06/2024 15:36,NZDUSD,Buy,0.030,0.00000,0.59022,0.58652,0.58668,0.0000,0.0000,1.6,0.37,0.01,"from #1278375",100,00:09:21:32,22.3,2h 5m,21.4,5.22,4.1,0.943,-21.4,-4.922,16.1,90.2,-2.50,-0.57
,1278375,12/06/2024 06:15,12/06/2024 15:24,NZDUSD,Buy,0.040,0.00000,0.59022,0.58652,0.58466,0.0000,0.0000,-18.6,-5.83,-0.23,"to #1291973",100,00:09:08:53,11.2,1h 1m,22.7,5.22,4.1,1.271,-21.4,-6.6339999999999995,16.1,11.0,-22.70,-7.04
,1252669,12/05/2024 09:30,12/05/2024 18:08,AUDCAD,Sell,0.010,0.90387,0.90168,0.90618,0.90386,0.0000,0.0000,23.2,1.30,0.05,"from #1242029",100,00:08:37:47,100.0,8h 37m,8.1,0.03,31.3,1.878,0.0,0.0,100.0,74.1,-8.10,-0.49
,1242029,12/05/2024 09:30,12/05/2024 17:48,AUDCAD,Sell,0.030,0.90387,0.90168,0.90618,0.90305,0.0000,0.0000,31.3,5.24,0.20,"to #1252669",100,00:08:18:10,100.0,8h 18m,0.0,0.03,31.3,5.321000000000001,0.0,0.0,100.0,100.0,0.00,0.00
,1228086,12/05/2024 09:30,12/05/2024 15:27,AUDCAD,Sell,0.020,0.90556,0.90168,0.90618,0.90423,0.0000,0.0000,19.5,2.18,0.08,"to #1242029",100,00:05:57:30,100.0,5h 57m,0.8,0.05,20.3,2.233,0.0,0.0,100.0,96.1,-0.80,-0.09
,1114620,12/03/2024 10:30,12/04/2024 13:27,USDCHF,Buy,0.040,0.88637,0.89085,0.88613,0.88637,0.0000,0.2000,2.4,1.05,0.04,"{6374761}                      ",100,01:02:56:38,51.9,13h 59m,27.8,2.44,11.4,3.9899999999999998,-27.8,-9.73,29.1,77.0,-9.00,-3.15
,1074490,12/02/2024 13:00,12/03/2024 10:44,AUDCAD,Buy,0.050,0.00000,0.91112,0.91158,0.91112,0.0000,-0.0100,-4.6,-1.31,-0.05,"{6329238}                      ",100,00:21:44:34,0.0,0s,38.8,38.91,0.0,0.0,-38.8,-10.864,0.0,88.1,-4.60,-1.29
,1050942,12/02/2024 03:00,12/03/2024 09:58,NZDUSD,Buy,0.050,0.00000,0.58884,0.59019,0.58873,0.0000,-0.0500,-14.6,-5.82,-0.23,"{6311605}                      ",100,01:06:58:05,13.4,4h 8m,38.6,6.57,5.1,2.04,-33.5,-13.4,13.2,49.0,-19.70,-7.88
,1103729,12/03/2024 04:30,12/03/2024 09:58,NZDUSD,Buy,0.070,0.58728,0.58884,0.58663,0.58873,0.0000,0.0000,21.0,11.61,0.45,"{6365871}                      ",100,00:05:28:42,100.0,5h 28m,0.0,0.05,21.0,11.55,0.0,0.0,100.0,100.0,0.00,0.00
,1088545,12/02/2024 17:00,12/03/2024 02:30,AUDCAD,Buy,0.050,0.90862,0.91029,0.90802,0.90862,0.0000,-0.0100,6.0,1.68,0.07,"{6345261}                  [sl]",100,00:09:30:20,100.0,9h 30m,8.7,0.07,14.7,4.1160000000000005,0.0,0.0,100.0,40.8,-8.70,-2.44
,1089970,12/02/2024 17:22,,,Deposit,0.010,0.00000,0.00000,0.00000,0.00000,0.0000,0.0000,0.0,700.00,0,"PAMM/Deposit by MT4 #4003388 PA",0,00:00:00:00,,,,,,,,,,,,
,1029843,11/29/2024 11:45,11/29/2024 19:43,AUDUSD,Buy,0.050,0.00000,0.65478,0.65055,0.65150,0.0000,0.0000,9.5,3.73,0.20,"{6258598}                      ",100,00:07:58:41,,,,,,,,,,,,
,985918,11/28/2024 02:15,11/29/2024 03:43,USDCHF,Sell,0.030,0.88182,0.87152,0.88274,0.88132,0.0000,-0.3500,14.2,3.46,0.19,"{6228469}                      ",100,01:01:28:54,50.0,12h 44m,14.7,0.97,15.1,4.077,-14.7,-3.969,50.7,97.0,-0.90,-0.24
,946716,11/26/2024 18:45,11/26/2024 20:46,USDCAD,Buy,0.030,1.40757,1.41504,1.40704,1.40754,0.0000,0.0000,5.0,0.85,0.05,"{6185916}                  [sl]",100,00:02:01:41,,,,,,,,,,,,
,918413,11/25/2024 21:15,11/26/2024 01:44,USDCHF,Buy,0.030,0.88600,0.88760,0.88530,0.88760,0.0000,0.1500,23.0,6.35,0.34,"{6151257}                  [tp]",100,00:04:29:34,,,,,,,,,,,,
,900935,11/25/2024 12:01,11/26/2024 01:44,USDCHF,Buy,0.030,0.00000,0.88760,0.88905,0.88760,0.0000,0.1500,-14.5,-3.76,-0.20,"{6131464}                  [tp]",100,00:13:42:54,,,,,,,,,,,,
,860309,11/22/2024 11:45,11/22/2024 20:23,AUDNZD,Buy,0.040,1.11356,1.11697,1.11251,1.11466,0.0000,0.0000,21.5,4.01,0.22,"{6081095}                      ",100,00:08:38:02,,,,,,,,,,,,
,858703,11/22/2024 09:45,11/22/2024 11:14,USDCHF,Buy,0.020,0.88822,0.89056,0.88605,0.89055,0.0000,0.0000,45.0,8.08,0.44,"from #855648[tp]",100,00:01:29:35,,,,,,,,,,,,
,855648,11/22/2024 09:45,11/22/2024 11:12,USDCHF,Buy,0.010,0.88763,0.89056,0.88605,0.88874,0.0000,0.0000,26.9,2.42,0.13,"to #858703",100,00:01:27:13,,,,,,,,,,,,
,835827,11/21/2024 11:45,11/21/2024 13:50,USDCAD,Sell,0.030,1.39690,1.39269,1.39769,1.39689,0.0000,0.0000,8.0,1.36,0.07,"{6050496}                  [sl]",100,00:02:05:08,,,,,,,,,,,,
,824930,11/20/2024 18:30,11/21/2024 00:01,AUDNZD,Buy,0.040,1.10613,1.11020,1.10570,1.10578,0.0000,-0.1800,0.8,-0.03,0.00,"{5650803}                      ",100,00:05:30:28,,,,,,,,,,,,
,783948,11/18/2024 21:00,11/20/2024 12:43,USDCHF,Buy,0.030,0.00000,0.88585,0.88359,0.88585,0.0000,0.3000,22.6,6.34,0.35,"{5578833}                  [tp]",100,01:15:43:54,40.0,15h 53m,19.5,0.71,22.6,6.102000000000001,-16.0,-4.32,58.5,100.0,0.00,0.00
,784396,11/18/2024 21:45,11/19/2024 09:45,AUDNZD,Buy,0.050,1.10456,1.10804,1.10434,1.10455,0.0000,-0.0700,2.1,0.42,0.02,"{5581046}                      ",100,00:12:00:05,,,,,,,,,,,,
,518531,11/01/2024 00:29,,,Withdrawal,0.010,0.00000,0.00000,0.00000,0.00000,0.0000,0.0000,0.0,-2500.00,0,"PAMM/WD by MT4 #4001695 PAMM #6",0,00:00:00:00,,,,,,,,,,,,
,509392,10/31/2024 12:45,10/31/2024 16:47,USDCAD,Sell,0.040,1.39018,0.00000,1.39177,1.39018,0.0000,0.0000,15.9,3.52,0.08,"from #503463[sl]",100,00:04:02:15,,,,,,,,,,,,
,503463,10/31/2024 12:45,10/31/2024 16:25,USDCAD,Sell,0.030,1.39074,0.00000,1.39177,1.38993,0.0000,0.0000,18.4,3.06,0.07,"to #509392",100,00:03:40:12,,,,,,,,,,,,
,496799,10/30/2024 11:30,10/31/2024 00:01,AUDCAD,Sell,0.070,0.91432,0.91174,0.91454,0.91444,0.0000,-0.4700,1.0,-0.08,0.00,"from #481721[sl]",100,00:12:31:07,,,,,,,,,,,,
,481721,10/30/2024 11:30,10/30/2024 23:33,AUDCAD,Sell,0.040,0.91432,0.91174,0.91454,0.91361,0.0000,0.0000,9.3,2.06,0.05,"to #496799",100,00:12:03:51,,,,,,,,,,,,
,481462,10/30/2024 11:15,10/30/2024 15:00,NZDUSD,Sell,0.120,0.00000,0.59821,0.59907,0.59858,0.0000,0.0000,4.9,4.53,0.10,"{4826718}                      ",100,00:03:45:19,,,,,,,,,,,,
,469408,10/29/2024 18:15,10/29/2024 19:12,USDCAD,Sell,0.070,1.39155,1.39005,1.39091,1.39085,0.0000,0.0000,0.6,0.23,0.01,"{4807356}                      ",100,00:00:57:28,,,,,,,,,,,,
,452551,10/29/2024 03:30,10/29/2024 06:37,NZDCAD,Sell,0.060,0.00000,0.82967,0.83059,0.82970,0.0000,0.0000,8.9,2.96,0.07,"{4778324}                  [tp]",100,00:03:07:24,,,,,,,,,,,,
,446327,10/28/2024 17:00,10/28/2024 18:43,NZDUSD,Sell,0.120,0.59935,0.00000,0.59947,0.59843,0.0000,0.0000,10.4,9.60,0.22,"{4769830}                      ",100,00:01:43:26,,,,,,,,,,,,
,440016,10/28/2024 09:00,10/28/2024 12:40,GBPCAD,Sell,0.020,0.00000,1.79694,1.79950,1.80244,0.0000,0.0000,-29.4,-3.26,-0.08,"from #436457",100,00:03:40:23,,,,,,,,,,,,
,436457,10/28/2024 09:00,10/28/2024 12:34,GBPCAD,Sell,0.030,0.00000,1.79694,1.79950,1.80247,0.0000,0.0000,-29.7,-4.94,-0.11,"to #440016",100,00:03:34:48,,,,,,,,,,,,
,409898,10/24/2024 19:15,10/28/2024 12:34,GBPCAD,Sell,0.050,0.00000,1.79694,1.79539,1.80260,0.0000,-0.6000,-72.1,-20.60,-0.48,"{4699732}                      ",100,03:17:19:01,54.6,2d ,471.5,0.25,377.0,105.56000000000002,-94.5,-26.46,80.0,4.8,-449.10,-125.75
,424710,10/25/2024 16:45,10/28/2024 08:53,GBPCAD,Sell,0.050,1.79981,1.79713,1.79996,1.79979,0.0000,-0.3000,1.7,0.17,0.00,"{4726278}                  [sl]",100,02:16:08:01,87.5,2d 8h ,437.8,0.04,422.7,118.35600000000001,-15.1,-4.228000000000001,96.6,3.8,-421.00,-117.88
,407624,10/24/2024 04:30,10/24/2024 18:26,USDCAD,Buy,0.020,1.38425,1.38796,1.38296,1.38424,0.0000,0.0000,12.8,1.43,0.03,"from #397108[sl]",100,00:13:56:33,,,,,,,,,,,,
,397108,10/24/2024 04:30,10/24/2024 17:24,USDCAD,Buy,0.020,1.38306,1.38796,1.38296,1.38405,0.0000,0.0000,10.9,1.22,0.03,"to #407624",100,00:12:54:38,,,,,,,,,,,,
,368230,10/22/2024 18:00,10/22/2024 20:41,USDCAD,Buy,0.030,1.38214,1.38714,1.38214,1.38214,0.0000,0.0000,0.0,0.00,0.00,"from #366833[sl]",100,00:02:41:19,,,,,,,,,,,,
,366833,10/22/2024 18:00,10/22/2024 19:14,USDCAD,Buy,0.040,1.38214,1.38714,1.38214,1.38296,0.0000,0.0000,8.2,1.83,0.04,"to #368230",100,00:01:14:12,,,,,,,,,,,,
,361705,10/22/2024 04:30,10/22/2024 16:08,USDCHF,Buy,0.020,0.86512,0.86673,0.86500,0.86513,0.0000,0.0000,1.3,0.23,0.01,"from #352361[sl]",100,00:11:38:17,,,,,,,,,,,,
,352361,10/22/2024 04:30,10/22/2024 14:57,USDCHF,Buy,0.020,0.86512,0.86673,0.86500,0.86582,0.0000,0.0000,8.2,1.46,0.03,"to #361705",100,00:10:27:32,,,,,,,,,,,,
,356536,10/22/2024 11:04,,,Withdrawal,0.010,0.00000,0.00000,0.00000,0.00000,0.0000,0.0000,0.0,-24.28,0,"PAMM/WD by MT4 #90034 PAMM #646",0,00:00:00:00,,,,,,,,,,,,
,337245,10/18/2024 04:30,10/21/2024 15:28,NZDUSD,Sell,0.020,0.60609,0.00000,0.60641,0.60609,0.0000,0.0000,3.2,0.49,0.01,"from #310278[sl]",100,03:10:58:18,76.2,2d 15h ,28.3,0.55,31.5,4.725,-17.4,-2.61,64.4,42.1,-28.30,-4.25
,310278,10/18/2024 04:30,10/21/2024 13:17,NZDUSD,Sell,0.020,0.60609,0.00000,0.60641,0.60520,0.0000,-0.0100,12.1,1.84,0.04,"to #337245",100,03:08:47:55,75.0,2d 12h ,20.4,1.44,12.1,1.815,-17.4,-2.61,41.0,100.0,0.00,0.00
,331384,10/21/2024 04:45,10/21/2024 10:06,AUDCAD,Sell,0.030,0.92452,0.00000,0.92758,0.92452,0.0000,0.0000,30.6,5.10,0.12,"{4529938}                  [sl]",100,00:05:21:03,,,,,,,,,,,,
,309712,10/18/2024 03:30,10/21/2024 08:33,AUDCAD,Sell,0.030,0.00000,0.92530,0.92391,0.92530,0.0000,-0.0400,-13.9,-2.35,-0.05,"{4459195}                  [tp]",100,03:05:02:59,0.0,0s,33.7,33.78,0.0,0.0,-33.7,-5.729000000000001,0.0,58.8,-13.90,-2.36
,287551,10/16/2024 18:45,10/17/2024 14:05,USDCAD,Buy,0.040,1.37761,1.38954,1.37754,1.37758,0.0000,0.0200,0.4,0.11,0.00,"{4391878}                  [sl]",100,00:19:20:10,80.0,15h 28m,15.7,0.82,16.1,3.7030000000000003,-13.2,-3.036,54.9,46.4,-15.70,-3.61
,289434,10/16/2024 23:51,,,Deposit,0.010,0.00000,0.00000,0.00000,0.00000,0.0000,0.0000,0.0,100.00,0,"PAMM/Deposit by MT4 #4004011 PA",0,00:00:00:00,,,,,,,,,,,,
,284636,10/16/2024 16:45,10/16/2024 18:16,USDCAD,Buy,0.040,1.37728,1.38895,1.37695,1.37725,0.0000,0.0000,3.0,0.67,0.02,"{4379319}                  [sl]",100,00:01:31:37,,,,,,,,,,,,
,275911,10/16/2024 06:00,10/16/2024 10:25,USDCHF,Buy,0.020,0.86183,0.86581,0.86181,0.86183,0.0000,0.0000,0.2,0.04,0.00,"{4353801}                  [sl]",100,00:04:25:03,,,,,,,,,,,,
,270436,10/15/2024 16:30,10/15/2024 19:58,NZDCAD,Sell,0.020,0.84018,0.83748,0.84250,0.83935,0.0000,0.0000,31.5,3.49,0.08,"from #266922",100,00:03:28:02,,,,,,,,,,,,
,266922,10/15/2024 16:30,10/15/2024 18:13,NZDCAD,Sell,0.050,0.84089,0.83748,0.84250,0.84018,0.0000,0.0000,23.2,6.42,0.15,"to #270436",100,00:01:43:15,,,,,,,,,,,,
,264989,10/15/2024 14:51,,,Deposit,0.010,0.00000,0.00000,0.00000,0.00000,0.0000,0.0000,0.0,77.00,0,"PAMM/Deposit by MT4 #4003617 PA",0,00:00:00:00,,,,,,,,,,,,
,257827,10/15/2024 00:45,10/15/2024 06:04,AUDNZD,Buy,0.030,1.10428,1.10983,1.10383,1.10427,0.0000,0.0000,4.4,0.61,0.01,"{4306854}                  [sl]",100,00:05:19:31,,,,,,,,,,,,
,239275,10/11/2024 18:00,10/11/2024 19:31,NZDCAD,Sell,0.070,0.00000,0.83894,0.83994,0.84168,0.0000,0.0000,-17.4,-6.77,-0.16,"{4264850}                      ",100,00:01:31:02,,,,,,,,,,,,
,224020,10/10/2024 17:00,10/11/2024 15:47,NZDCAD,Sell,0.070,0.00000,0.83544,0.83633,0.83664,0.0000,-0.1400,-3.1,-1.34,-0.03,"{4220145}                      ",100,00:22:47:30,0.0,0s,49.1,49.26,0.0,0.0,-49.1,-19.149,0.0,93.7,-3.10,-1.21
,222838,10/10/2024 16:30,10/10/2024 16:44,NZDUSD,Sell,0.070,0.00000,0.60762,0.60860,0.60762,0.0000,0.0000,9.8,5.26,0.13,"{4216087}                  [tp]",100,00:00:14:20,,,,,,,,,,,,
,217977,10/10/2024 10:45,10/10/2024 15:30,GBPCAD,Sell,0.100,0.00000,1.79324,1.79606,1.79204,0.0000,0.0000,40.2,22.43,0.54,"{4198027}                  [tp]",100,00:04:45:02,,,,,,,,,,,,
,214423,10/09/2024 22:30,10/10/2024 15:30,GBPCAD,Sell,0.100,0.00000,1.79324,1.79163,1.79204,0.0000,-1.7600,-4.1,-4.05,-0.10,"{4186784}                  [tp]",100,00:17:00:00,0.0,0s,51.5,51.55,0.0,0.0,-51.5,-28.840000000000003,0.0,92.0,-4.10,-2.30
,219488,10/10/2024 13:42,,,Withdrawal,0.010,0.00000,0.00000,0.00000,0.00000,0.0000,0.0000,0.0,-2.06,0,"PAMM/WD by MT4 #90034 PAMM #646",0,00:00:00:00,,,,,,,,,,,,
,217487,10/10/2024 10:00,10/10/2024 12:39,USDCHF,Buy,0.140,0.85966,0.86455,0.85955,0.85966,0.0000,0.0000,1.1,1.37,0.03,"{4196312}                  [sl]",100,00:02:39:52,,,,,,,,,,,,
,212318,10/09/2024 10:45,10/10/2024 09:36,USDCHF,Buy,0.040,0.85938,0.86195,0.85695,0.85937,0.0000,0.6300,24.2,9.25,0.22,"from #205689[sl]",100,00:22:51:55,100.0,22h 51m,12.8,0.03,37.0,13.32,0.0,0.0,100.0,65.4,-12.80,-4.61
,205689,10/09/2024 10:45,10/09/2024 18:00,USDCHF,Buy,0.090,0.85828,0.86195,0.85695,0.85920,0.0000,0.0000,22.5,18.02,0.44,"to #212318",100,00:07:15:13,,,,,,,,,,,,
,197630,10/08/2024 17:30,10/09/2024 04:19,NZDCAD,Sell,0.220,0.83410,0.83082,0.83580,0.83415,0.0000,-0.5000,16.5,19.80,0.48,"{4130139}                  [sl]",100,00:10:49:03,,,,,,,,,,,,
,149822,10/03/2024 13:59,10/03/2024 14:18,GBPUSD,Buy,0.020,1.31014,1.32950,1.31190,1.31014,0.0000,0.0000,-17.6,-2.69,-0.07,"{3951131}                      ",100,00:00:18:26,,,,,,,,,,,,
,124681,10/01/2024 13:55,10/01/2024 13:59,AUDCAD,Buy,0.040,0.00000,0.00000,0.93345,0.93348,0.0000,0.0000,0.3,0.06,0.00,"{3849760}                      ",100,00:00:03:20,,,,,,,,,,,,
,72315,09/24/2024 15:51,,,Deposit,0.010,0.00000,0.00000,0.00000,0.00000,0.0000,0.0000,0.0,550.00,0,"PAMM/Deposit by MT4 #4001776 PA",0,00:00:00:00,,,,,,,,,,,,
,71331,09/24/2024 14:59,,,Deposit,0.010,0.00000,0.00000,0.00000,0.00000,0.0000,0.0000,0.0,50.00,0,"PAMM/Deposit by MT4 #4001776 PA",0,00:00:00:00,,,,,,,,,,,,
,70665,09/24/2024 14:02,,,Deposit,0.010,0.00000,0.00000,0.00000,0.00000,0.0000,0.0000,0.0,1000.00,0,"PAMM/Deposit by MT4 #6698407 PA",0,00:00:00:00,,,,,,,,,,,,
,70664,09/24/2024 14:02,,,Deposit,0.010,0.00000,0.00000,0.00000,0.00000,0.0000,0.0000,0.0,2500.00,0,"PAMM/Deposit by MT4 #4001695 PA",0,00:00:00:00,,,,,,,,,,,,
,69368,09/24/2024 11:34,,,Withdrawal,0.010,0.00000,0.00000,0.00000,0.00000,0.0000,0.0000,0.0,-50.00,0,"PAMM/WD by MT4 #6698407 PAMM #6",0,00:00:00:00,,,,,,,,,,,,
,68995,09/24/2024 10:55,,,Withdrawal,0.010,0.00000,0.00000,0.00000,0.00000,0.0000,0.0000,0.0,-100.00,0,"PAMM/WD by MT4 #4001695 PAMM #6",0,00:00:00:00,,,,,,,,,,,,
,68834,09/24/2024 10:39,,,Deposit,0.010,0.00000,0.00000,0.00000,0.00000,0.0000,0.0000,0.0,50.00,0,"PAMM/Deposit by MT4 #6698407 PA",0,00:00:00:00,,,,,,,,,,,,
,68833,09/24/2024 10:39,,,Deposit,0.000,0.00000,0.00000,0.00000,0.00000,0.0000,0.0000,0.0,100.00,0,"PAMM/Deposit by MT4 #4001695 PA",0,00:00:00:00,,,,,,,,,,,,

Open Trades
Tags,Ticket,Open Date,Symbol,Action,Lots,Open Price,TP,SL,Profit,Pips,Swap
,2872842,01/13/2025 15:51,USDJPY,Buy,0.010,157.135,160.5,0.0,-3.16,-60.9,0.36

